{
    "precision": [
        0.19098712503910065,
        0.5439597964286804,
        0.007016095798462629,
        0.36971378326416016,
        0.0015579790342599154,
        0.25464481115341187,
        0.5389435887336731,
        0.024207118898630142,
        0.20788581669330597,
        0.05710543692111969,
        0.2886166274547577,
        0.709193229675293,
        0.48514971137046814,
        0.04410040006041527,
        0.029321929439902306,
        0.31975460052490234,
        0.07591848820447922,
        0.3786398470401764,
        0.1588289886713028
    ],
    "recall": [
        0.9898887872695923,
        0.9675061106681824,
        0.8095238208770752,
        0.9730185270309448,
        0.7777777910232544,
        0.9826616644859314,
        0.9118909239768982,
        0.9689119458198547,
        0.8925970792770386,
        0.9376344084739685,
        0.9768486618995667,
        0.9577702879905701,
        0.9111561179161072,
        0.9842932224273682,
        0.9876543283462524,
        0.9767616391181946,
        0.9706422090530396,
        0.9942153096199036,
        0.9599679708480835
    ],
    "f1": [
        0.3201962411403656,
        0.6963894367218018,
        0.01391162071377039,
        0.5358303785324097,
        0.003109728917479515,
        0.4044748842716217,
        0.6774829030036926,
        0.047234151512384415,
        0.3372306227684021,
        0.10765431821346283,
        0.445582777261734,
        0.8149479031562805,
        0.6331666111946106,
        0.08441849797964096,
        0.05695301294326782,
        0.48178961873054504,
        0.14082257449626923,
        0.548418402671814,
        0.2725619375705719
    ],
    "accuracy": [
        0.6495827436447144,
        0.6498356461524963,
        0.7968473434448242,
        0.49439433217048645,
        0.6216808557510376,
        0.4794740080833435,
        0.7101070284843445,
        0.36407315731048584,
        0.5126022100448608,
        0.39071062207221985,
        0.40697968006134033,
        0.9565877318382263,
        0.6043159365653992,
        0.3124842047691345,
        0.33001771569252014,
        0.5274382829666138,
        0.45587119460105896,
        0.45123493671417236,
        0.46050745248794556
    ],
    "hamming_loss": 0.46448710560798645,
    "class_labels": [
        "Agro-forestry areas",
        "Arable land",
        "Beaches, dunes, sands",
        "Broad-leaved forest",
        "Coastal wetlands",
        "Complex cultivation patterns",
        "Coniferous forest",
        "Industrial or commercial units",
        "Inland waters",
        "Inland wetlands",
        "Land principally occupied by agriculture, with significant areas of natural vegetation",
        "Marine waters",
        "Mixed forest",
        "Moors, heathland and sclerophyllous vegetation",
        "Natural grassland and sparsely vegetated areas",
        "Pastures",
        "Permanent crops",
        "Transitional woodland, shrub",
        "Urban fabric"
    ]
}