{
    "torchmetrics": {
        "overall": {
            "accuracy": 0.9166514873504639,
            "precision": 0.6000867486000061,
            "recall": 0.799941897392273,
            "f1": 0.6767416596412659,
            "f2": 0.7413091659545898,
            "avg_precision": 0.9046799540519714,
            "hamming_loss": 0.0833485797047615
        },
        "per_class": {
            "precision": [
                0.6040772795677185,
                0.8479568958282471,
                0.5625,
                0.7177844643592834,
                0.190476194024086,
                0.5327290892601013,
                0.823330819606781,
                0.3238636255264282,
                0.7908256649971008,
                0.39024388790130615,
                0.5380162000656128,
                0.9773691892623901,
                0.7709181904792786,
                0.4865591526031494,
                0.46202531456947327,
                0.6938043832778931,
                0.4341846704483032,
                0.5912280678749084,
                0.663755476474762
            ],
            "recall": [
                0.9367720484733582,
                0.875122606754303,
                0.8999999761581421,
                0.8795014023780823,
                0.6666666865348816,
                0.8252730369567871,
                0.9253794550895691,
                0.4488188922405243,
                0.8689516186714172,
                0.6901960968971252,
                0.8011494278907776,
                0.9885550737380981,
                0.9097633361816406,
                0.8264840245246887,
                0.4932432472705841,
                0.8400496244430542,
                0.6696969866752625,
                0.8564167618751526,
                0.7968544960021973
            ],
            "f1": [
                0.7345075011253357,
                0.8613256216049194,
                0.692307710647583,
                0.7904564142227173,
                0.29629629850387573,
                0.6474907994270325,
                0.8713775277137756,
                0.3762376308441162,
                0.8280499577522278,
                0.4985835552215576,
                0.6437312364578247,
                0.9829303026199341,
                0.8346055746078491,
                0.6125211715698242,
                0.4771241843700409,
                0.759955108165741,
                0.5268176198005676,
                0.6995329260826111,
                0.7242406010627747
            ],
            "f2": [
                0.8438249230384827,
                0.8695511221885681,
                0.8035714030265808,
                0.841579794883728,
                0.4444444477558136,
                0.7436041831970215,
                0.9029948711395264,
                0.4166666567325592,
                0.8521154522895813,
                0.5982325077056885,
                0.7297664880752563,
                0.9862974882125854,
                0.8781323432922363,
                0.7251602411270142,
                0.4866666793823242,
                0.8060678243637085,
                0.6041553020477295,
                0.7859141826629639,
                0.7661290168762207
            ],
            "accuracy": [
                0.9434171915054321,
                0.8801612854003906,
                0.998887836933136,
                0.859585702419281,
                0.9973585605621338,
                0.839844286441803,
                0.9099124073982239,
                0.9737244248390198,
                0.9502294063568115,
                0.9507854580879211,
                0.7854858636856079,
                0.9966634511947632,
                0.86445152759552,
                0.9681634902954102,
                0.977756142616272,
                0.8809953927993774,
                0.9448074698448181,
                0.7585152387619019,
                0.9356318712234497
            ]
        }
    },
    "sklearn": {
        "precision_micro": 0.6864570199510495,
        "recall_micro": 0.8631043968853452,
        "f1_micro": 0.7647119575320679,
        "f2_micro": 0.8208577966191887,
        "precision_macro": 0.6000867711340762,
        "recall_macro": 0.7999418238897212,
        "f1_macro": 0.6767416759628414,
        "f2_macro": 0.7413092073469815,
        "hamming_loss": 0.0833485771985922,
        "subset_accuracy": 0.2666481301265119,
        "avg_precision": 0.8699706954625673,
        "one_error": 0.04059502293896844
    },
    "class_labels": [
        "Agro-forestry areas",
        "Arable land",
        "Beaches, dunes, sands",
        "Broad-leaved forest",
        "Coastal wetlands",
        "Complex cultivation patterns",
        "Coniferous forest",
        "Industrial or commercial units",
        "Inland waters",
        "Inland wetlands",
        "Land principally occupied by agriculture, with significant areas of natural vegetation",
        "Marine waters",
        "Mixed forest",
        "Moors, heathland and sclerophyllous vegetation",
        "Natural grassland and sparsely vegetated areas",
        "Pastures",
        "Permanent crops",
        "Transitional woodland, shrub",
        "Urban fabric"
    ]
}