{
    "torchmetrics": {
        "overall": {
            "accuracy": 0.918070912361145,
            "precision": 0.600605845451355,
            "recall": 0.7960904836654663,
            "f1": 0.6737167835235596,
            "f2": 0.7365076541900635,
            "avg_precision": 0.9062520265579224,
            "hamming_loss": 0.08192906528711319
        },
        "per_class": {
            "precision": [
                0.6000000238418579,
                0.8534868955612183,
                0.4736842215061188,
                0.7218188643455505,
                0.1599999964237213,
                0.5279597043991089,
                0.823727548122406,
                0.3612903356552124,
                0.8054003715515137,
                0.4084506928920746,
                0.5511022210121155,
                0.9759886860847473,
                0.7774264812469482,
                0.49728259444236755,
                0.4689655303955078,
                0.7047015428543091,
                0.43824702501296997,
                0.5949479937553406,
                0.6670305728912354
            ],
            "recall": [
                0.9484192728996277,
                0.8721804618835449,
                0.8999999761581421,
                0.8721144795417786,
                0.6666666865348816,
                0.8174726963043213,
                0.9279089570045471,
                0.4409448802471161,
                0.8719757795333862,
                0.6823529601097107,
                0.790229856967926,
                0.9885550737380981,
                0.9093934893608093,
                0.835616409778595,
                0.45945945382118225,
                0.8270303606987,
                0.6666666865348816,
                0.8479458093643188,
                0.8007863759994507
            ],
            "f1": [
                0.7350096702575684,
                0.8627324104309082,
                0.6206896305084229,
                0.7898808121681213,
                0.25806450843811035,
                0.6415671706199646,
                0.8727200627326965,
                0.39716312289237976,
                0.8373668789863586,
                0.5110132098197937,
                0.649350643157959,
                0.9822316765785217,
                0.8382478356361389,
                0.6235093474388123,
                0.46416381001472473,
                0.7609812021255493,
                0.5288461446762085,
                0.6992664933204651,
                0.7278141975402832
            ],
            "f2": [
                0.8497316837310791,
                0.8683764934539795,
                0.7627118825912476,
                0.8372484445571899,
                0.40816327929496765,
                0.7366793155670166,
                0.9050164222717285,
                0.4223227798938751,
                0.8577945232391357,
                0.6016597747802734,
                0.7271285057067871,
                0.9860159754753113,
                0.879533588886261,
                0.7355305552482605,
                0.46132972836494446,
                0.7992810010910034,
                0.603732168674469,
                0.7814817428588867,
                0.7699092626571655
            ],
            "accuracy": [
                0.9428611397743225,
                0.8819685578346252,
                0.9984707236289978,
                0.8602808117866516,
                0.9968024492263794,
                0.8372028470039368,
                0.9107465744018555,
                0.9763659238815308,
                0.9532878994941711,
                0.9537050127983093,
                0.7935492992401123,
                0.9965243935585022,
                0.8680661916732788,
                0.969275712966919,
                0.9781731963157654,
                0.8834978342056274,
                0.9455025792121887,
                0.7606005668640137,
                0.9364660382270813
            ]
        }
    },
    "sklearn": {
        "precision_micro": 0.6926402044805292,
        "recall_micro": 0.8591877651886045,
        "f1_micro": 0.7669767538656844,
        "f2_micro": 0.8197647519396398,
        "precision_macro": 0.6006058549256916,
        "recall_macro": 0.796090512345345,
        "f1_macro": 0.6737167864086355,
        "f2_macro": 0.7365077444096986,
        "hamming_loss": 0.08192906846568666,
        "subset_accuracy": 0.2724871402752676,
        "avg_precision": 0.8711744129810477,
        "one_error": 0.03684137355762551
    },
    "class_labels": [
        "Agro-forestry areas",
        "Arable land",
        "Beaches, dunes, sands",
        "Broad-leaved forest",
        "Coastal wetlands",
        "Complex cultivation patterns",
        "Coniferous forest",
        "Industrial or commercial units",
        "Inland waters",
        "Inland wetlands",
        "Land principally occupied by agriculture, with significant areas of natural vegetation",
        "Marine waters",
        "Mixed forest",
        "Moors, heathland and sclerophyllous vegetation",
        "Natural grassland and sparsely vegetated areas",
        "Pastures",
        "Permanent crops",
        "Transitional woodland, shrub",
        "Urban fabric"
    ]
}