{
    "torchmetrics": {
        "overall": {
            "accuracy": 0.9094514846801758,
            "precision": 0.5776388645172119,
            "recall": 0.7679386734962463,
            "f1": 0.6477640271186829,
            "f2": 0.7108319401741028,
            "avg_precision": 0.8731222748756409,
            "hamming_loss": 0.0905485600233078
        },
        "per_class": {
            "precision": [
                0.6261363625526428,
                0.8237593770027161,
                0.4444444477558136,
                0.6963828802108765,
                0.23529411852359772,
                0.5325972437858582,
                0.8220052719116211,
                0.3511904776096344,
                0.5453960299491882,
                0.40238094329833984,
                0.5525883436203003,
                0.9546436071395874,
                0.7753345966339111,
                0.46786633133888245,
                0.44171780347824097,
                0.7087218761444092,
                0.410780668258667,
                0.578661322593689,
                0.6052366495132446
            ],
            "recall": [
                0.9168053269386292,
                0.8953906297683716,
                0.800000011920929,
                0.8799630403518677,
                0.6666666865348816,
                0.7901716232299805,
                0.9228498935699463,
                0.4645669162273407,
                0.8538306355476379,
                0.6627451181411743,
                0.772988498210907,
                0.632331907749176,
                0.8997781276702881,
                0.8310502171516418,
                0.4864864945411682,
                0.800991952419281,
                0.6696969866752625,
                0.8568403124809265,
                0.7876802086830139
            ],
            "f1": [
                0.744091808795929,
                0.8580827116966248,
                0.5714285969734192,
                0.7774831652641296,
                0.3478260934352875,
                0.6363065242767334,
                0.8695133924484253,
                0.4000000059604645,
                0.6656188368797302,
                0.5007407665252686,
                0.6444657444953918,
                0.760757327079773,
                0.8329339027404785,
                0.5986841917037964,
                0.46302250027656555,
                0.7520372271537781,
                0.5092166066169739,
                0.6907973289489746,
                0.6845102310180664
            ],
            "f2": [
                0.8389159440994263,
                0.8800848126411438,
                0.6896551847457886,
                0.835891604423523,
                0.4878048896789551,
                0.720483660697937,
                0.9007489085197449,
                0.4363905191421509,
                0.7670711874961853,
                0.5868055820465088,
                0.7158824801445007,
                0.6781221032142639,
                0.8717930316925049,
                0.7193675637245178,
                0.4768211841583252,
                0.7806646227836609,
                0.594725489616394,
                0.7816846966743469,
                0.7428924441337585
            ],
            "accuracy": [
                0.9473099112510681,
                0.8740441799163818,
                0.9983317255973816,
                0.8483247756958008,
                0.9979146122932434,
                0.8390101194381714,
                0.9086611866950989,
                0.975392758846283,
                0.8816905617713928,
                0.9531489014625549,
                0.7936882972717285,
                0.9613513350486755,
                0.8643125295639038,
                0.9660781025886536,
                0.9767829775810242,
                0.8815515041351318,
                0.9407757520675659,
                0.7482274174690247,
                0.9229806661605835
            ]
        }
    },
    "sklearn": {
        "precision_micro": 0.6672566371681415,
        "recall_micro": 0.8437543712407329,
        "f1_micro": 0.7451973562295385,
        "f2_micro": 0.8013603996173876,
        "precision_macro": 0.5776388636088327,
        "recall_macro": 0.767938661771226,
        "f1_macro": 0.6477640546726428,
        "f2_macro": 0.710831893870925,
        "hamming_loss": 0.09054855963765943,
        "subset_accuracy": 0.1999165855693035,
        "avg_precision": 0.8422650983153253,
        "one_error": 0.09662171555679133
    },
    "class_labels": [
        "Agro-forestry areas",
        "Arable land",
        "Beaches, dunes, sands",
        "Broad-leaved forest",
        "Coastal wetlands",
        "Complex cultivation patterns",
        "Coniferous forest",
        "Industrial or commercial units",
        "Inland waters",
        "Inland wetlands",
        "Land principally occupied by agriculture, with significant areas of natural vegetation",
        "Marine waters",
        "Mixed forest",
        "Moors, heathland and sclerophyllous vegetation",
        "Natural grassland and sparsely vegetated areas",
        "Pastures",
        "Permanent crops",
        "Transitional woodland, shrub",
        "Urban fabric"
    ]
}