{
    "torchmetrics": {
        "overall": {
            "accuracy": 0.905902624130249,
            "precision": 0.5680291056632996,
            "recall": 0.72957444190979,
            "f1": 0.6182041168212891,
            "f2": 0.6753753423690796,
            "avg_precision": 0.8367133140563965,
            "hamming_loss": 0.0940973311662674
        },
        "per_class": {
            "precision": [
                0.640625,
                0.7952394485473633,
                0.4000000059604645,
                0.6900887489318848,
                0.21052631735801697,
                0.5443820357322693,
                0.8295019268989563,
                0.3354838788509369,
                0.5045153498649597,
                0.42268040776252747,
                0.5623046159744263,
                0.895652174949646,
                0.780961811542511,
                0.4739725887775421,
                0.42953020334243774,
                0.7125714421272278,
                0.41231343150138855,
                0.5870276689529419,
                0.5651760101318359
            ],
            "recall": [
                0.8868552446365356,
                0.9065054059028625,
                0.800000011920929,
                0.861495852470398,
                0.6666666865348816,
                0.7558502554893494,
                0.9127318859100342,
                0.4094488322734833,
                0.8447580933570862,
                0.6431372761726379,
                0.7235631942749023,
                0.2947067320346832,
                0.8768491148948669,
                0.7899543642997742,
                0.4324324429035187,
                0.7730936408042908,
                0.6696969866752625,
                0.835662841796875,
                0.7785059213638306
            ],
            "f1": [
                0.7438939213752747,
                0.8472349643707275,
                0.5333333611488342,
                0.7663244605064392,
                0.3199999928474426,
                0.6329196691513062,
                0.8691288828849792,
                0.368794322013855,
                0.6317376494407654,
                0.5101088881492615,
                0.6328223347663879,
                0.44348761439323425,
                0.8261324167251587,
                0.5924657583236694,
                0.43097642064094543,
                0.7415997385978699,
                0.5103926062583923,
                0.6896190047264099,
                0.6549062728881836
            ],
            "f2": [
                0.8235476016998291,
                0.8818291425704956,
                0.6666666865348816,
                0.8207248449325562,
                0.4651162922382355,
                0.7013607621192932,
                0.8947759866714478,
                0.3921568691730499,
                0.74435955286026,
                0.5823863744735718,
                0.6843135356903076,
                0.3403833508491516,
                0.855833113193512,
                0.6970185041427612,
                0.4318488538265228,
                0.7601804733276367,
                0.595366358757019,
                0.770402193069458,
                0.7238605618476868
            ],
            "accuracy": [
                0.9489781856536865,
                0.8609759211540222,
                0.9980536699295044,
                0.8417906165122986,
                0.997636616230011,
                0.8437369465827942,
                0.9093562960624695,
                0.975253701210022,
                0.8641735315322876,
                0.9562073945999146,
                0.7968858480453491,
                0.9281245470046997,
                0.8612539768218994,
                0.9669122695922852,
                0.976504921913147,
                0.8791881203651428,
                0.9410538077354431,
                0.7530933022499084,
                0.9129709601402283
            ]
        }
    },
    "sklearn": {
        "precision_micro": 0.6627990748113601,
        "recall_micro": 0.8150324054646337,
        "f1_micro": 0.7310748640736093,
        "f2_micro": 0.7792369896844714,
        "precision_macro": 0.5680291069700439,
        "recall_macro": 0.7295744501317936,
        "f1_macro": 0.6182041167498571,
        "f2_macro": 0.6753753163092715,
        "hamming_loss": 0.09409733146992325,
        "subset_accuracy": 0.18281662727651884,
        "avg_precision": 0.7902738367770064,
        "one_error": 0.12442652578896152
    },
    "class_labels": [
        "Agro-forestry areas",
        "Arable land",
        "Beaches, dunes, sands",
        "Broad-leaved forest",
        "Coastal wetlands",
        "Complex cultivation patterns",
        "Coniferous forest",
        "Industrial or commercial units",
        "Inland waters",
        "Inland wetlands",
        "Land principally occupied by agriculture, with significant areas of natural vegetation",
        "Marine waters",
        "Mixed forest",
        "Moors, heathland and sclerophyllous vegetation",
        "Natural grassland and sparsely vegetated areas",
        "Pastures",
        "Permanent crops",
        "Transitional woodland, shrub",
        "Urban fabric"
    ]
}