{
    "torchmetrics": {
        "overall": {
            "accuracy": 0.9059026837348938,
            "precision": 0.5688616633415222,
            "recall": 0.7302213907241821,
            "f1": 0.6188979148864746,
            "f2": 0.6760393381118774,
            "avg_precision": 0.8364556431770325,
            "hamming_loss": 0.0940973162651062
        },
        "per_class": {
            "precision": [
                0.6383233666419983,
                0.7930936217308044,
                0.4000000059604645,
                0.6908552646636963,
                0.21052631735801697,
                0.5442253351211548,
                0.8305864334106445,
                0.3375000059604645,
                0.5060168504714966,
                0.4281984269618988,
                0.5627239942550659,
                0.8999999761581421,
                0.7804877758026123,
                0.4726775884628296,
                0.4383561611175537,
                0.7110222578048706,
                0.4112149477005005,
                0.586309552192688,
                0.5662536025047302
            ],
            "recall": [
                0.8868552446365356,
                0.9084668159484863,
                0.800000011920929,
                0.861495852470398,
                0.6666666865348816,
                0.7535101175308228,
                0.9135750532150269,
                0.4251968562602997,
                0.8477822542190552,
                0.6431372761726379,
                0.7218390703201294,
                0.29613733291625977,
                0.8757396340370178,
                0.7899543642997742,
                0.4324324429035187,
                0.7718536853790283,
                0.6666666865348816,
                0.8343921899795532,
                0.7785059213638306
            ],
            "f1": [
                0.7423398494720459,
                0.8468688130378723,
                0.5333333611488342,
                0.7667967677116394,
                0.3199999928474426,
                0.6319921612739563,
                0.8701063990592957,
                0.3763066232204437,
                0.6337603330612183,
                0.5141065716743469,
                0.6324269771575928,
                0.4456404745578766,
                0.8253747224807739,
                0.5914530158042908,
                0.4353741407394409,
                0.7401902675628662,
                0.5086705088615417,
                0.6886907815933228,
                0.6556291580200195
            ],
            "f2": [
                0.8227847814559937,
                0.8827826976776123,
                0.6666666865348816,
                0.8209415078163147,
                0.4651162922382355,
                0.6996957659721375,
                0.8956766128540039,
                0.40419161319732666,
                0.7468916773796082,
                0.5844618678092957,
                0.6832028031349182,
                0.3420356810092926,
                0.8548736572265625,
                0.6964573264122009,
                0.43360432982444763,
                0.7588686943054199,
                0.5929918885231018,
                0.7692908644676208,
                0.7242136001586914
            ],
            "accuracy": [
                0.9485610723495483,
                0.8602808117866516,
                0.9980536699295044,
                0.8422077298164368,
                0.997636616230011,
                0.843597948551178,
                0.9100514650344849,
                0.9751147031784058,
                0.8648686408996582,
                0.9569025635719299,
                0.7970249056816101,
                0.9284026026725769,
                0.8606979250907898,
                0.966773271560669,
                0.9769220352172852,
                0.8784929513931274,
                0.9409147500991821,
                0.7523981928825378,
                0.9132490158081055
            ]
        }
    },
    "sklearn": {
        "precision_micro": 0.6628114216374047,
        "recall_micro": 0.8149857788968154,
        "f1_micro": 0.7310636162114685,
        "f2_micro": 0.7792063053343914,
        "precision_macro": 0.5688616570318371,
        "recall_macro": 0.7302214427726408,
        "f1_macro": 0.6188979413394025,
        "f2_macro": 0.6760393870962753,
        "hamming_loss": 0.09409733146992325,
        "subset_accuracy": 0.1835117475323231,
        "avg_precision": 0.7900294854324363,
        "one_error": 0.12456554984012236
    },
    "class_labels": [
        "Agro-forestry areas",
        "Arable land",
        "Beaches, dunes, sands",
        "Broad-leaved forest",
        "Coastal wetlands",
        "Complex cultivation patterns",
        "Coniferous forest",
        "Industrial or commercial units",
        "Inland waters",
        "Inland wetlands",
        "Land principally occupied by agriculture, with significant areas of natural vegetation",
        "Marine waters",
        "Mixed forest",
        "Moors, heathland and sclerophyllous vegetation",
        "Natural grassland and sparsely vegetated areas",
        "Pastures",
        "Permanent crops",
        "Transitional woodland, shrub",
        "Urban fabric"
    ]
}